id	GO_EMBRYONIC_ORGAN_DEVELOPMENT	GO_GLUCOSE_CATABOLIC_PROCESS	GO_GLUCOSE_METABOLIC_PROCESS	GO_MALE_MEIOSIS	GO_MITOCHONDRION	HALLMARK_SPERMATOGENESIS	KEGG_GLYCOLYSIS_GLUCONEOGENESIS	KEGG_OXIDATIVE_PHOSPHORYLATION
Donor2.AAACCTGGTGCCTTGG.1	1.073	0.211	0.489	0.236	8.867	2.651	0.349	1.504
Donor2.AAACCTGTCAACGGGA.1	0.895	0.775	0.979	0.240	8.974	7.881	0.662	1.266
Donor2.AAACCTGTCCTATGTT.1	0.823	0.585	0.763	0.085	9.333	6.492	0.664	1.695
Donor2.AAACCTGTCGGACAAG.1	0.873	0.801	1.016	0.215	9.702	6.998	0.634	1.641
Donor2.AAACGGGAGCTATGCT.1	0.818	0.418	0.677	0.109	9.177	6.920	0.370	1.327
Donor2.AAACGGGGTCTGGAGA.1	0.728	0.282	0.638	0.169	8.854	6.544	0.304	1.664
Donor2.AAACGGGTCTCTAAGG.1	0.880	0.384	0.635	0.217	9.299	6.150	0.383	1.312
Donor2.AAATGCCAGTGTTTGC.1	2.103	0.177	1.057	0.063	12.922	0.392	0.434	2.694
Donor2.AAATGCCGTTAGTGGG.1	1.909	0.329	0.895	0.022	12.493	0.557	0.674	2.472
Donor2.AAATGCCGTTCGTCTC.1	0.753	0.488	0.571	0.227	9.749	8.729	0.408	1.695
Donor2.AACACGTTCCACTCCA.1	1.107	0.225	0.568	0.287	9.696	2.637	0.397	1.766
Donor2.AACCATGGTAGCTAAA.1	0.994	0.406	0.695	0.172	8.622	6.283	0.374	1.283
Donor2.AACCGCGGTAAATGAC.1	1.141	0.247	0.565	0.242	9.143	2.685	0.398	1.303
Donor2.AACGTTGAGGACACCA.1	1.301	0.297	0.806	0.138	12.773	0.685	0.426	2.639
Donor2.AACTCCCAGGAGCGTT.1	1.540	0.381	0.861	0.111	11.426	0.342	0.648	2.625
Donor2.AACTCCCAGTGATCGG.1	0.826	0.921	1.127	0.143	10.361	9.770	0.786	1.126
Donor2.AACTCCCTCTGTACGA.1	0.986	0.808	0.903	0.095	9.970	8.445	0.673	1.571
Donor2.AACTCTTCAGTTAACC.1	0.932	0.182	0.605	0.363	10.310	2.291	0.391	1.743
Donor2.AACTCTTGTCAATGTC.1	0.963	0.286	0.483	0.165	8.457	5.849	0.372	1.218
Donor2.AACTGGTCATCACAAC.1	1.906	0.355	1.248	0.076	10.830	0.628	0.630	2.624
Donor2.AACTTTCAGACCTTTG.1	1.916	0.290	0.960	0.050	12.178	0.435	0.446	2.388
Donor2.AACTTTCGTGCCTGGT.1	1.113	0.492	0.940	0.072	8.450	6.047	0.439	1.164
Donor2.AACTTTCGTTCCCTTG.1	1.696	0.149	0.501	0.067	10.766	0.429	0.282	1.918
Donor2.AAGCCGCAGCGATTCT.1	1.482	0.300	0.749	0.042	12.043	0.215	0.484	2.375
Donor2.AAGCCGCCATACGCCG.1	2.192	0.140	1.021	0.102	11.015	0.303	0.276	1.907
Donor2.AAGCCGCGTCGAATCT.1	1.136	0.407	0.680	0.292	9.209	5.463	0.470	1.468
Donor2.AAGCCGCTCGGCGCTA.1	0.973	0.474	0.720	0.230	9.587	5.192	0.519	1.717
Donor2.AAGGAGCTCGCCTGTT.1	2.487	0.213	0.886	0.073	11.761	0.411	0.441	2.187
Donor2.AAGGCAGGTTGCGTTA.1	1.216	0.055	0.507	0.793	11.253	1.267	0.197	2.538
Donor2.AAGGCAGTCTACTTAC.1	1.020	0.600	0.751	0.138	9.252	7.000	0.504	1.439
Donor2.AAGGTTCAGCGATTCT.1	1.750	0.267	0.694	0.182	12.253	1.189	0.422	2.004
Donor2.AAGGTTCCACGAAATA.1	1.419	0.190	0.587	0.542	10.928	1.129	0.262	1.805
Donor2.AAGGTTCGTGGTCCGT.1	1.089	0.229	0.564	0.282	9.133	2.144	0.352	1.391
Donor2.AAGTCTGCAATACGCT.1	0.934	0.290	0.557	0.230	9.053	2.594	0.382	1.560
Donor2.AATCCAGCACTTCTGC.1	1.005	0.417	0.763	0.179	9.048	5.843	0.556	1.571
Donor2.AATCCAGCATCGGAAG.1	0.973	0.200	0.556	0.272	9.282	2.049	0.361	1.497
Donor2.AATCCAGTCTCCCTGA.1	1.598	0.253	0.686	0.245	12.222	0.918	0.394	1.851
Donor2.AATCCAGTCTTCTGGC.1	1.045	0.458	0.762	0.000	10.636	0.451	0.596	2.480
Donor2.AATCGGTAGGGTCTCC.1	1.499	0.304	1.088	0.000	12.380	0.508	0.339	2.599
Donor2.AATCGGTGTAGATTAG.1	0.924	0.401	0.582	0.143	9.177	6.098	0.435	1.308
Donor2.ACACCAACAATGGTCT.1	0.675	0.255	0.506	0.275	11.936	3.582	0.506	2.441
Donor2.ACACCAACACGCATCG.1	1.145	0.568	0.736	0.111	9.249	6.367	0.438	1.301
Donor2.ACACCCTCAGTATCTG.1	1.324	0.399	0.946	0.028	12.739	0.228	0.549	2.714
Donor2.ACACCCTTCAGCTCTC.1	1.403	0.404	0.775	0.000	11.695	0.312	0.552	2.308
Donor2.ACACCGGTCGGTGTTA.1	0.935	0.513	0.695	0.164	9.110	6.461	0.520	1.467
Donor2.ACACTGAAGGCATGTG.1	1.213	0.244	0.568	0.351	9.259	2.546	0.329	1.267
Donor2.ACACTGAAGGTAGCCA.1	1.108	0.220	0.531	0.279	9.011	2.736	0.387	1.462
Donor2.ACACTGACACCTCGTT.1	0.863	0.247	0.653	0.264	9.779	2.397	0.452	1.560
Donor2.ACACTGATCTTCTGGC.1	1.251	0.471	0.730	0.000	11.705	0.388	0.526	2.434
